costs_miMo,costs_original
74.447708091887,164.93916969780128
