costs_miMo,costs_original
22.96807362441578,15.107316330411633
18.304734983305465,12.675148179418503
14.251286115068073,15.249526564571577
13.445316761165513,17.71577976740374
7.65594826137424,8.417197007683802
11.01876013244553,11.176933706612871
16.699987845953654,14.233781315103805
7.671294231791957,6.4775594918650485
13.04275200882899,18.999144183095215
15.565588776712929,21.938729037878954
10.805483861976727,15.686024656777743
