costs_miMo,costs_original
243.48010502802194,249.15024448695019
