costs_miMo,costs_original
90.43825718089427,72.50261975664209
159.0641143976716,62.2633725604536
124.40395888864342,173.683874869548
149.56469173525196,195.57417692932827
105.40036378541103,166.99776360910462
169.2755432369892,249.15024448695019
161.39997119841425,114.46593289192039
204.25705682819608,150.48937225294378
403.5723418660385,164.93916969780128
173.56483079590808,145.7951679025664
