costs_miMo,costs_original
26.11750186211764,72.50261975664209
33.57348284880869,62.2633725604536
58.51405227958372,150.48937225294378
66.42921822925281,88.87092278359388
