costs_miMo,costs_original
69.76404174616846,57.11133849044766
59.91583903481373,40.71215354419602
53.26286179030384,52.535341622137636
75.51313858751077,58.452769637378566
76.84182048256883,86.67241126779477
46.38141775157074,107.92746840240294
91.20690771558677,94.35666346387195
41.374643939277,78.54698336343904
55.05460718799799,132.24066280493946
