costs_miMo,costs_original
142.83220256191214,173.683874869548
