costs_miMo,costs_original
25.53269138066007,40.24280152693358
19.31392011773406,35.48369568298326
13.570124088063407,25.14680186535421
9.158128431812523,32.28227516896428
16.743391228484384,26.54077710930833
16.1021360951502,50.35093491150564
