costs_miMo,costs_original
88.25574109962281,72.50261975664209
168.05007497441943,62.2633725604536
106.90867368801489,173.683874869548
148.7471562833063,195.57417692932827
78.59640612067253,166.99776360910462
189.38956407622547,249.15024448695019
178.30479754347883,114.46593289192039
276.2270435256634,150.48937225294378
555.2113795961999,164.93916969780128
190.9627961284791,145.7951679025664
