costs_miMo,costs_original
46.385536571137536,71.24454542815425
36.868879674742864,121.7947668471841
48.27733361632519,107.92746840240294
43.75327902274094,78.54698336343904
