costs_miMo,costs_original
93.48975961468773,72.50261975664209
91.39409244028263,62.2633725604536
83.43880358241218,173.683874869548
238.46860254570637,195.57417692932827
224.1714650508359,166.99776360910462
167.37421006631195,249.15024448695019
57.85771155530377,114.46593289192039
85.99114771476634,150.48937225294378
166.48420715528047,164.93916969780128
77.15859990349735,145.7951679025664
