costs_miMo,costs_original
84.37301632822776,203.64689535840904
37.276518617293306,150.1366371306159
88.43400052381254,55.34651555433604
47.94767660028605,33.656547938054
53.9175833373468,158.5305526917311
138.98683708847153,137.12206822249382
