costs_miMo,costs_original
34.34471939843963,57.11133849044766
42.82509857474599,40.71215354419602
37.26444637487619,52.535341622137636
40.73818073207081,58.452769637378566
34.38714559926814,86.67241126779477
48.837237188268034,107.92746840240294
93.0163099173315,94.35666346387195
38.845829464857445,78.54698336343904
56.38635463277465,132.24066280493946
