costs_miMo,costs_original
89.87818335013517,72.50261975664209
45.73041136435261,62.2633725604536
113.72686967069578,173.683874869548
155.25597080579612,195.57417692932827
118.39202317191678,166.99776360910462
140.19035847444133,249.15024448695019
76.26363207801988,114.46593289192039
52.30543857406807,150.48937225294378
63.931124338272646,164.93916969780128
131.73244052985157,145.7951679025664
