costs_miMo,costs_original
65.32997803561258,57.11133849044766
62.76719500319364,40.71215354419602
59.55568966417321,52.535341622137636
33.911396799582775,58.452769637378566
47.3190133367171,86.67241126779477
78.00133622998922,94.35666346387195
58.66560748764247,132.24066280493946
