costs_miMo,costs_original
92.36611845410366,72.50261975664209
44.203373159860845,62.2633725604536
105.63090552600026,173.683874869548
158.85013478683993,195.57417692932827
154.90673329844893,166.99776360910462
155.88219259038016,249.15024448695019
62.72340817742829,114.46593289192039
48.442221334158674,150.48937225294378
62.114422583136054,164.93916969780128
74.16761438265073,145.7951679025664
