costs_miMo,costs_original
11.564082687006062,15.107316330411633
8.573943919351377,12.675148179418503
10.037541047450622,15.249526564571577
14.866765137559446,17.71577976740374
7.3950156560991855,8.417197007683802
8.66054751923146,11.176933706612871
17.481079452918884,14.233781315103805
7.326040823691865,6.4775594918650485
12.17676902358933,18.999144183095215
14.04140168603727,21.938729037878954
12.340703970661892,15.686024656777743
