costs_miMo,costs_original
38.55681551124067,57.11133849044766
34.944009257084794,40.71215354419602
36.860064997028275,52.535341622137636
29.045973238367008,58.452769637378566
49.76945023566789,86.67241126779477
48.10260077514607,107.92746840240294
75.65676762717416,94.35666346387195
37.50295653719799,78.54698336343904
56.19276356744865,132.24066280493946
