costs_miMo,costs_original
184.82953001292236,249.15024448695019
