costs_miMo,costs_original
91.70051619212286,173.683874869548
115.07735402863302,195.57417692932827
62.62274771401293,166.99776360910462
67.47167125446309,114.46593289192039
93.67195585404059,145.7951679025664
