costs_miMo,costs_original
76.24303906539771,72.50261975664209
39.366343625728554,62.2633725604536
56.29102824577865,150.48937225294378
50.94920411620373,164.93916969780128
59.69567977487948,88.87092278359388
