costs_miMo,costs_original
91.38980154470967,72.50261975664209
53.67207549987879,62.2633725604536
103.79266588646554,173.683874869548
169.95443297943334,195.57417692932827
162.36670991627355,166.99776360910462
126.833645858173,249.15024448695019
66.57713213339264,114.46593289192039
56.03463191891443,150.48937225294378
80.24995129396794,164.93916969780128
111.54977810026504,145.7951679025664
