costs_miMo,costs_original
63.26390944201945,164.93916969780128
