costs_miMo,costs_original
99.8476832821338,173.683874869548
102.07903245998088,195.57417692932827
66.76910800550775,166.99776360910462
74.93262217824855,114.46593289192039
104.88457307159013,145.7951679025664
