costs_miMo,costs_original
83.08514154906021,57.11133849044766
66.43855755682254,40.71215354419602
56.806183575221525,52.535341622137636
78.90887790696975,58.452769637378566
74.37713932048128,86.67241126779477
45.93553823779464,107.92746840240294
85.84134115826978,94.35666346387195
35.63194216322412,78.54698336343904
61.151091652094756,132.24066280493946
