costs_miMo,costs_original
22.42206893929973,72.50261975664209
34.34972491297984,62.2633725604536
69.47502103130793,150.48937225294378
62.43782577756264,88.87092278359388
