costs_miMo,costs_original
122.74829761293613,195.57417692932827
59.975857415015575,166.99776360910462
55.43727147222024,114.46593289192039
58.19599539414859,145.7951679025664
