costs_miMo,costs_original
216.0499336272538,249.15024448695019
